,PostId,PayRangeMin,PayRangeMax,distance_km,descriptions_similarity_to_resume,descriptions_similarity_to_resume_norm,user_preference_score,job_title_similarity_to_last_job,job_industry_similarity_to_last_job,job_teamwork_score,job_growth_score,job_respect_score,work_from_home_score,hybrid_score,on_site_score,competitive_salary_score,benefit_score,PayRangeMin_norm,PayRangeMax_norm,pay_average_norm,distance_norm,CompanyDetail.GroupSize,CompanyDetail.Industry,WorkType,CompanyDetail.HeadQuarters,headquarter_in_australia
0,57192643,98800.0,98800.0,20.054713268986767,0.19151875,0.1758728,0.0,0.1179589,0.26356554,0.120133415,0.1978417,0.12899348,0,0,1,0.15221286,0.20621514,0.6497774982042597,0.5988702556810391,0.6243238769426493,0.0026343820716162912,SIZE_A,Entertainment Providers,Part Time,"Parramatta, New South Wales",1
1,69699264,79032.0,109194.0,15.05206376538541,0.15953296,0.08591437,0.0,0.21066928,0.11441781,0.18811318,0.09595601,0.19770268,0,0,1,0.09528074,0.2519483,0.48173870171158495,0.6803027276039157,0.5810207146577504,0.001213641144177741,SIZE_A,Government & Defence,Full Time,"Parramatta, NSW",1
2,71358671,80000.0,100000.0,1162.0144115137464,0.21412483,0.23945123,0.0,0.4487906,0.2217968,0.13512677,0.1524145,0.056049775,0,0,1,0.09970418,0.23363948,0.48996723039455287,0.6082717340635149,0.5491194822290338,0.3269483040471088,SIZE_A,Human Resources Services,Full Time,,0
3,71486532,75000.0,75000.0,22.05207867337436,0.31899005,0.5343793,0.0,0.4624824,0.22759214,0.2101557,0.07841458,0.024337746,0,0,1,0.15529054,0.1904707,0.4474644995940989,0.41240760109527225,0.42993605034468557,0.003201629242344611,SIZE_D,Construction,Full Time,"Prestons, New South Wales",1
4,72172733,68132.47999999998,68132.47999999998,714.6644041843072,0.21117759,0.23116225,0.0,0.33539587,0.114329755,0.13965797,0.10984943,0.057804525,1,1,0,0.21275389,0.24015301,0.38908682882875206,0.35860356707758945,0.3738451979531707,0.19990193314998111,SIZE_B,Software Development,Casual/Vacation,"Collingwood, VIC",1
5,72172793,68132.47999999998,68132.47999999998,746.7563002561252,0.22379804,0.26665664,0.0,0.33539587,0.114329755,0.14426506,0.10714864,0.066317186,1,1,0,0.19395885,0.24785998,0.38908682882875206,0.35860356707758945,0.3738451979531707,0.2090159576594962,SIZE_B,Software Development,Casual/Vacation,"Collingwood, VIC",1
6,72172945,68132.47999999998,68132.47999999998,20.054713268986767,0.22085541,0.25838065,0.0,0.33539587,0.114329755,0.12239976,0.12373188,0.055278726,1,1,0,0.22134648,0.24805345,0.38908682882875206,0.35860356707758945,0.3738451979531707,0.0026343820716162912,SIZE_B,Software Development,Casual/Vacation,"Collingwood, VIC",1
7,73002207,75000.0,75000.0,1162.0144115137464,0.20630923,0.21747023,0.0,0.42390096,0.14622515,0.12214229,0.2650058,0.14456624,0,0,1,0.098387495,0.17481166,0.4474644995940989,0.41240760109527225,0.42993605034468557,0.3269483040471088,SIZE_C,Financial Services,Full Time,"Sydney, New South Wales",1
8,73066320,25000.0,37500.0,123.48307512834883,0.19768158,0.19320542,0.0,0.19025064,0.07411827,0.22491303,0.009426845,0.11915572,0,0,1,0.013781635,0.25930738,0.02243719158955963,0.11861140164290834,0.07052429661623398,0.03200779842743652,SIZE_A,,Part Time,,0
9,73238403,60000.0,79999.0,1162.0144115137464,0.21795121,0.25021273,0.0,0.23846743,0.2217968,0.12479916,0.08841136,0.082509756,0,0,1,0.12649876,0.20736063,0.31995630719273715,0.45157259312360204,0.3857644501581696,0.3269483040471088,SIZE_A,Human Resources Services,Full Time,,0
10,73382292,120000.0,144999.0,1162.0144115137464,0.2550721,0.3546133,0.0,0.40616834,0.2217968,0.12854522,0.16545779,0.06376108,0,0,1,0.11669591,0.16349034,0.8299890767981842,0.9608193388410328,0.8954042078196085,0.3269483040471088,SIZE_A,Human Resources Services,Full Time,,0
11,73624091,75000.0,75000.0,1428.2021304346679,0.2720757,0.40243512,0.0,0.3825566,0.34898132,0.18973213,0.12436792,0.052326776,0,0,1,0.065237716,0.18887766,0.4474644995940989,0.41240760109527225,0.42993605034468557,0.4025450026325706,SIZE_A,Motor Vehicle Manufacturing,Full Time,Mackay,1
12,73866910,75000.0,75000.0,1428.2021304346679,0.2468325,0.3314399,0.0,0.34184772,0.43320623,0.16111013,0.11282193,0.07032053,0,0,1,0.13712373,0.18012863,0.4474644995940989,0.41240760109527225,0.42993605034468557,0.4025450026325706,SIZE_A,Motor Vehicle Manufacturing,Full Time,Mackay,1
13,74517855,75000.0,75000.0,1162.0144115137464,0.2240738,0.26743215,0.0,0.2983579,0.20354599,0.111070044,0.12046603,0.108042695,0,0,1,0.15872498,0.26534832,0.4474644995940989,0.41240760109527225,0.42993605034468557,0.3269483040471088,SIZE_B,Staffing and Recruiting,Contract/Temp,"Adelaide, South Australia",1
14,74550183,80000.0,99999.0,1162.0144115137464,0.20128626,0.20334339,0.0,0.36707473,0.22928223,0.14075905,0.060219646,0.10143347,0,0,1,0.10338615,0.15667203,0.48996723039455287,0.608263899498196,0.5491155649463745,0.3269483040471088,SIZE_A,Human Resources Services,Full Time,,0
15,74597923,60000.0,80000.0,739.7774444111599,0.37308824,0.68652767,0.0,0.5958302,0.30193835,0.27547047,0.093622506,0.14838974,0,0,1,0.16877244,0.18828592,0.31995630719273715,0.45158042768892076,0.385768367440829,0.2070339786864544,SIZE_C,"Appliances, Electrical, and Electronics Manufacturing",Full Time,"Enoggera, Queensland",1
16,74615270,59280.0,69160.0,746.7563002561252,0.26459095,0.3813846,0.0,0.20172557,0.26961607,0.2117379,0.16562168,0.10505693,0,0,1,0.121038824,0.21629298,0.3138359139574718,0.36665373963389075,0.34024482679568124,0.2090159576594962,SIZE_C,"Technology, Information and Media",Casual/Vacation,"Melbourne, Victoria",1
17,74777089,75000.0,75000.0,699.7326526590232,0.21474874,0.24120593,0.0,0.31213707,0.27210468,0.25241667,0.19413559,0.16484728,0,0,1,0.16304797,0.22685182,0.4474644995940989,0.41240760109527225,0.42993605034468557,0.19566135013591185,SIZE_A,Wholesale,Full Time,"Künzelsau, BW",1
18,74913754,75000.0,75000.0,1027.7184097371603,0.22853625,0.27998257,0.0,0.39357847,0.10562796,0.13123569,0.009317126,0.17587164,0,0,1,0.030458722,0.25767756,0.4474644995940989,0.41240760109527225,0.42993605034468557,0.28880854910765097,SIZE_A,Government & Defence,Part Time,"Adelaide, South Australia",1
19,74928503,75000.0,75000.0,20.054713268986767,0.25124094,0.3438384,0.0,0.17055945,0.17430139,0.096591145,0.22449434,0.04914491,0,1,0,0.068054974,0.12528215,0.4474644995940989,0.41240760109527225,0.42993605034468557,0.0026343820716162912,SIZE_C,Financial Services,Full Time,"Sydney, New South Wales",1
20,74955106,95000.0,95000.0,20.054713268986767,0.28841186,0.4483797,0.0,0.2942369,0.137609,0.2511504,0.071517944,0.107088834,0,0,1,0.12881362,0.22052324,0.6174754227959146,0.5690989074698664,0.5932871651328905,0.0026343820716162912,SIZE_C,Staffing and Recruiting,Full Time,"Perth, Melbourne & Sydney",1
21,74957295,75000.0,78000.0,20.054713268986767,0.21798533,0.2503087,0.0,0.06731683,0.137609,0.18892574,0.0635838,0.011761927,0,0,1,0.09615271,0.18025988,0.4474644995940989,0.43591129705146137,0.4416878983227801,0.0026343820716162912,SIZE_C,Staffing and Recruiting,Full Time,"Perth, Melbourne & Sydney",1
22,74988257,86015.28,86015.28,714.6644041843072,0.17952073,0.14212894,0.0,0.19445367,0.08664033,0.072870106,0.02947167,0.1587724,0,0,1,0.2832895,0.33634138,0.5411003957004238,0.49870753175936916,0.5199039637298964,0.19990193314998111,SIZE_B,Services for the Elderly and Disabled,Casual/Vacation,"MELBOURNE, VIC",1
23,75080427,60000.0,80000.0,15.05206376538541,0.21370447,0.23826897,0.0,0.33637828,0.25519264,0.16452806,0.14424641,0.05632311,0,0,1,0.2674108,0.27738914,0.31995630719273715,0.45158042768892076,0.385768367440829,0.001213641144177741,SIZE_A,"Movies, Videos, and Sound",Full Time,"Paddington, New South Wales",1
24,75219974,75000.0,75000.0,714.6644041843072,0.34588015,0.61000633,0.0,0.45841366,0.18896534,0.25986615,0.2594263,0.154445,1,0,0,0.101723544,0.16210061,0.4474644995940989,0.41240760109527225,0.42993605034468557,0.19990193314998111,SIZE_A,Higher Education,Full Time,"Schaumburg, Illinois",0
25,75219977,75000.0,75000.0,931.8831731213238,0.34588015,0.61000633,0.0,0.45841366,0.18896534,0.25986615,0.2594263,0.154445,1,0,0,0.101723544,0.16210061,0.4474644995940989,0.41240760109527225,0.42993605034468557,0.26159156281811413,SIZE_A,Higher Education,Full Time,"Schaumburg, Illinois",0
26,75219980,75000.0,75000.0,746.7563002561252,0.34588015,0.61000633,0.0,0.45841366,0.18896534,0.25986615,0.2594263,0.154445,1,0,0,0.101723544,0.16210061,0.4474644995940989,0.41240760109527225,0.42993605034468557,0.2090159576594962,SIZE_A,Higher Education,Full Time,"Schaumburg, Illinois",0
27,75220789,75000.0,75000.0,1162.0144115137464,0.34588015,0.61000633,0.0,0.45841366,0.18896534,0.25986615,0.2594263,0.154445,1,0,0,0.101723544,0.16210061,0.4474644995940989,0.41240760109527225,0.42993605034468557,0.3269483040471088,SIZE_A,Higher Education,Full Time,"Schaumburg, Illinois",0
28,75265546,75000.0,75000.0,3277.134355294826,0.40527827,0.77706045,0.0,0.5291353,0.408045,0.3383615,0.13680524,0.13610154,0,0,1,0.16663119,0.21641025,0.4474644995940989,0.41240760109527225,0.42993605034468557,0.9276374925277348,SIZE_A,"Manufacturing, Transport & Logistics",Full Time,"Embleton, WA",1
29,75380156,140000.0,150000.0,20.054713268986767,0.18993148,0.17140865,0.0,0.34290633,0.20446171,0.19011006,0.10321404,0.19001,0,1,0,0.15578043,0.20530415,1.0,1.0,1.0,0.0026343820716162912,SIZE_A,Banking & Financial Services,Full Time,"Melbourne, VIC",1
30,75422486,65000.0,85000.0,738.009860985467,0.20207614,0.20556486,0.0,0.3564148,0.1372695,0.118087694,0.25477296,0.07244463,1,0,0,0.13964324,0.2699716,0.36245903799319107,0.4907532542825693,0.42660614613788017,0.206531989068006,,,Full Time,,0
31,75430381,85000.0,90000.0,20.054713268986767,0.29403776,0.46420223,0.0,0.13968465,0.09742183,0.3312022,0.09678602,0.055756073,0,0,1,0.15757813,0.124589995,0.5324699611950068,0.5299260808762177,0.5311980210356122,0.0026343820716162912,SIZE_C,Staffing and Recruiting,Full Time,"Perth, Melbourne & Sydney",1
32,75530171,75000.0,105000.0,690.551777437106,0.24562201,0.3280354,0.0,0.4487906,0.28599894,0.09789193,0.11801587,0.05204286,0,0,1,0.10232469,0.21296394,0.4474644995940989,0.6474445606571634,0.5474545301256312,0.19305400273568038,SIZE_B,Accounting,Full Time,"Surfers Paradise, QLD",1
33,75533746,75000.0,75000.0,11.056301067477497,0.18961541,0.17051971,0.0,0.2513689,0.042384047,0.18771431,0.070998654,0.10489007,0,0,1,0.17087997,0.23668452,0.4474644995940989,0.41240760109527225,0.42993605034468557,7.885374858600945e-05,SIZE_B,Law Practice,Full Time,"Chatswood, NSW",1
34,75681159,57000.0,57000.0,121.61016447003011,0.18224026,0.14977747,0.0,0.5796197,0.031421147,0.029187428,0.16748826,0.014119452,1,1,0,0.13708088,0.20639127,0.2944546687124648,0.2713854253581376,0.28292004703530116,0.0314758961177117,SIZE_A,,Full Time,,0
35,75681775,70893.0,77467.0,2882.5258093974585,0.19240296,0.17835957,0.0,0.52226883,0.007250176,0.13874818,0.10371283,0.20342201,0,0,1,0.19930977,0.31686687,0.41255275651460604,0.4317354737365784,0.42214411512559225,0.8155695751032166,SIZE_D,Government Administration,Full Time,"Nhulunbuy, Northern Territory",1
36,75721884,59280.0,69160.0,746.7563002561252,0.20985724,0.22744882,0.0,0.16594467,0.106712386,0.0946821,0.12252001,0.07735462,0,0,1,0.20112574,0.17373842,0.3138359139574718,0.36665373963389075,0.34024482679568124,0.2090159576594962,SIZE_A,Insurance,Casual/Vacation,"Sydney, New South Wales",1
37,75750371,100000.0,135000.0,1162.0144115137464,0.20576572,0.21594167,0.0,0.15017113,0.19501701,0.09939914,0.14483714,0.016147207,0,0,1,0.12061965,0.13904063,0.6599781535963686,0.8824815202190545,0.7712298369077115,0.3269483040471088,SIZE_A,Human Resources Services,Full Time,,0
38,75760226,75000.0,75000.0,11.266311331170474,0.2895476,0.4515739,0.0,0.33426005,0.14500028,0.181322,0.13517791,0.062870495,0,0,1,0.13656823,0.11915183,0.4474644995940989,0.41240760109527225,0.42993605034468557,0.00013849617938112738,SIZE_A,Healthcare & Medical,Full Time,"Kalamazoo, MI",0
39,75761061,75000.0,75000.0,12.097636274743492,0.29937637,0.4792168,0.0,0.39820352,0.1671489,0.2644488,0.1962491,0.14692563,0,1,0,0.039708298,0.121422805,0.4474644995940989,0.41240760109527225,0.42993605034468557,0.0003745905470725815,SIZE_A,Sales,Full Time,"St. Paul, MN",0
40,75824572,90000.0,109999.0,1162.0144115137464,0.2261746,0.27334058,0.0,0.2977056,0.2217968,0.14496228,0.1594668,0.08371977,0,0,1,0.019524306,0.032166664,0.5749726919954607,0.6866095526854932,0.630791122340477,0.3269483040471088,SIZE_A,Human Resources Services,Full Time,,0
41,75830515,75000.0,75000.0,20.054713268986767,0.21233845,0.2344271,0.0,0.28443393,0.19090727,0.1622316,-0.033361495,0.05136162,0,1,0,0.1542299,0.23169756,0.4474644995940989,0.41240760109527225,0.42993605034468557,0.0026343820716162912,SIZE_A,Financial Services,Full Time,Sydney,1
42,75948511,71136.0,82992.0,40.01164530401784,0.19559577,0.18733919,0.0,0.36309046,0.26961607,0.12962963,0.022803104,0.049687497,0,0,1,0.1872538,0.14866054,0.4146183892315081,0.47502144712256,0.44481991817703403,0.008302104766933376,SIZE_C,"Technology, Information and Media",Casual/Vacation,"Melbourne, Victoria",1
43,75948796,75000.0,75000.0,741.8195175108493,0.22167902,0.260697,0.0,0.39678884,0.09804748,0.17169195,0.00034526922,-0.003729025,0,0,1,0.041509382,0.18305452,0.4474644995940989,0.41240760109527225,0.42993605034468557,0.20761392273959292,SIZE_C,Real Estate,Full Time,"Brisbane, Queensland",1
44,75948820,71000.0,83000.0,40.01164530401784,0.20761415,0.22114027,0.0,0.36309057,0.26961607,0.1451692,0.04074198,0.052820727,0,0,1,0.18299773,0.14465836,0.41346231495373575,0.4750841236451099,0.4442732192994228,0.008302104766933376,SIZE_C,"Technology, Information and Media",Full Time,"Melbourne, Victoria",1
45,75998593,75000.0,75000.0,20.054713268986767,0.21562536,0.24367136,0.0,0.23152484,0.14762062,0.24205518,0.18879758,0.08920735,0,0,1,0.07663371,0.08710948,0.4474644995940989,0.41240760109527225,0.42993605034468557,0.0026343820716162912,SIZE_B,Marketing Services,Contract/Temp,"North Sydney, NSW",1
46,76007174,75000.0,75000.0,20.054713268986767,0.18028307,0.14427298,0.0,0.3353959,0.12224938,0.28779846,0.11902895,0.22947872,0,0,1,0.06464815,0.306341,0.4474644995940989,0.41240760109527225,0.42993605034468557,0.0026343820716162912,SIZE_A,Community Services & Development,Full Time,"Greenwich, New South Wales",1
47,76017801,75000.0,75000.0,10.778644769554054,0.13181366,0.007955253,0.0,0.2513689,0.06434281,0.059926305,-0.089088365,0.00035124365,0,0,1,0.014235413,0.04951062,0.4474644995940989,0.41240760109527225,0.42993605034468557,0.0,SIZE_A,,Part Time,,0
48,76017888,75000.0,75000.0,726.0877543816247,0.26072347,0.37050754,0.0,0.17217124,0.1135573,0.16865805,0.08811885,0.20727015,0,0,1,0.18338358,0.3378414,0.4474644995940989,0.41240760109527225,0.42993605034468557,0.20314613827410757,SIZE_A,Hospitals and Health Care,Full Time,Australia,1
49,76026961,75000.0,75000.0,825.7568030901912,0.3036512,0.4912396,0.0,0.43615812,0.27146906,0.12600747,0.054980256,0.10082567,0,0,1,0.18481268,0.24375352,0.4474644995940989,0.41240760109527225,0.42993605034468557,0.23145191836067722,SIZE_C,Motor Vehicle Manufacturing,Full Time,"MAROOCHYDORE, QLD",1
50,76033688,75000.0,75000.0,239.36745502582397,0.26827726,0.39175218,0.0,0.17792559,0.14002003,0.2099964,0.095599435,0.21163367,0,0,1,0.066091895,0.23779449,0.4474644995940989,0.41240760109527225,0.42993605034468557,0.06491869519377128,SIZE_B,Truck Transportation,Casual/Vacation,,0
51,76052565,75000.0,75000.0,14.17105819173383,0.48454708,0.99999994,0.0,0.699208,0.11961816,0.2119374,0.05936244,0.06319678,0,0,1,0.1490287,0.22220375,0.4474644995940989,0.41240760109527225,0.42993605034468557,0.0009634375920625655,SIZE_B,Marketing Services,Full Time,"North Sydney, NSW",1
52,76057899,75000.0,75000.0,248.37772548241816,0.3247964,0.55070937,0.0,0.43327546,0.08388072,0.25913078,0.08460249,0.052726295,0,0,1,0.04982739,0.12227847,0.4474644995940989,0.41240760109527225,0.42993605034468557,0.06747759123391127,SIZE_A,Real Estate & Property,Full Time,"Chicago, Illinois",0
53,76061645,90000.0,100000.0,20.054713268986767,0.24358624,0.3223099,0.0,0.49523827,0.09742183,0.15086462,0.120885044,0.08172202,0,0,1,0.12505049,0.08544325,0.5749726919954607,0.6082717340635149,0.5916222130294878,0.0026343820716162912,SIZE_C,Staffing and Recruiting,Full Time,"Perth, Melbourne & Sydney",1
54,76062424,100000.0,105000.0,20.054713268986767,0.31738985,0.5298788,0.0,0.43282667,0.137609,0.26060465,0.015457323,0.0803988,0,0,1,0.07346457,0.14076504,0.6599781535963686,0.6474445606571634,0.653711357126766,0.0026343820716162912,SIZE_C,Staffing and Recruiting,Full Time,"Perth, Melbourne & Sydney",1
55,76062734,75000.0,80000.0,11.266311331170474,0.36941254,0.67618996,0.0,0.3652243,0.137609,0.34016836,0.07984145,0.028204245,0,0,1,0.14054076,0.11033076,0.4474644995940989,0.45158042768892076,0.44952246364150983,0.00013849617938112738,SIZE_C,Staffing and Recruiting,Full Time,"Perth, Melbourne & Sydney",1
56,76062765,75000.0,75000.0,700.9267434295239,0.21649706,0.24612302,0.0,0.1706829,0.16187847,0.25065792,0.20440724,0.19393879,0,0,1,0.049169265,0.12831609,0.4474644995940989,0.41240760109527225,0.42993605034468557,0.19600046916224093,SIZE_A,Sport & Recreation,Full Time,"BOUNCE Glen Iris, Victoria",1
57,76104749,75000.0,75000.0,23.635690268767405,0.16162011,0.09178436,0.0,0.25481176,0.16797006,0.0693658,0.0856187,-0.014135119,0,0,1,0.13273191,0.17452699,0.4474644995940989,0.41240760109527225,0.42993605034468557,0.003651371285060471,SIZE_C,Truck Transportation,Part Time,"Kings Park, NSW",1
58,76112712,75000.0,75000.0,746.7563002561252,0.28821498,0.44782597,0.0,0.33543748,0.28599894,0.14830722,0.12536374,0.07697055,0,0,1,0.14092736,0.26157102,0.4474644995940989,0.41240760109527225,0.42993605034468557,0.2090159576594962,SIZE_A,Accounting,Full Time,"Melbourne, Victoria",1
59,76152167,65000.0,80000.0,186.74834200137508,0.35165596,0.6262505,0.0,0.46304053,0.3471801,0.38516605,0.0021850094,0.07135755,0,0,1,0.09275451,0.11194557,0.36245903799319107,0.45158042768892076,0.4070197328410559,0.049974988386901883,SIZE_B,Industrial Machinery Manufacturing,Full Time,"Salisbury, Queensland",1
60,76192531,22360.5,22360.5,714.6644041843072,0.26527348,0.38330418,0.0,0.39577654,0.14497279,0.26801586,0.054466635,0.20875505,0,1,0,0.122255534,0.22188547,0.0,0.0,0.0,0.19990193314998111,SIZE_A,Banking & Financial Services,Part Time,"Melbourne, VIC",1
61,76222257,88920.0,120536.0,746.7563002561252,0.12898508,0.0,0.0,0.2502598,0.1135573,0.1595293,0.07945515,0.16195674,1,0,0,0.029633671,0.25623626,0.5657921021425627,0.7691623674489481,0.6674772347957554,0.2090159576594962,SIZE_B,Hospitals and Health Care,Full Time,"Ripponlea, Victoria",1
62,76225884,90000.0,95000.0,20.054713268986767,0.3458323,0.60987175,0.0,0.36391133,0.137609,0.29047507,0.03515244,0.061068118,0,0,1,0.12697314,0.15279843,0.5749726919954607,0.5690989074698664,0.5720357997326635,0.0026343820716162912,SIZE_C,Staffing and Recruiting,Full Time,"Perth, Melbourne & Sydney",1
63,76241825,75000.0,75000.0,1428.2021304346679,0.2911997,0.4562204,0.0,0.41758096,0.13515335,0.31486365,0.09620804,0.17586862,0,0,1,0.14293306,0.28920242,0.4474644995940989,0.41240760109527225,0.42993605034468557,0.4025450026325706,SIZE_D,Staffing and Recruiting,Full Time,"Surry Hills, New South Wales",1
64,76249302,76668.79999999999,76668.79999999999,728.0669743605471,0.23816836,0.3070724,0.0,0.3298274,0.10794233,0.10105423,-0.035603262,0.06801468,1,0,0,0.051570825,0.26095352,0.4616502110260583,0.42548192369916826,0.4435660673626133,0.2037082321858307,SIZE_A,Non-profit Organizations,Casual/Vacation,"Brisbane, QLD",1
65,76251218,75000.0,75000.0,714.6644041843072,0.28909254,0.45029408,0.0,0.49536797,0.13962248,0.20275426,0.1528442,0.10110256,0,0,1,0.101756565,0.2774122,0.4474644995940989,0.41240760109527225,0.42993605034468557,0.19990193314998111,SIZE_B,Telecommunications,Full Time,"Southbank, Victoria",1
66,76276268,75000.0,75000.0,18.847211471401565,0.24348518,0.32202572,0.0,0.28911975,0.36665726,0.13252357,0.029954303,0.0015576147,0,1,0,0.16187204,0.20916224,0.4474644995940989,0.41240760109527225,0.42993605034468557,0.0022914543445089032,SIZE_A,Medical Equipment Manufacturing,Full Time,"ARTARMON, NSW",1
67,76282615,75000.0,75000.0,738.009860985467,0.39649427,0.752356,0.0,0.3875869,0.18421555,0.29211843,0.17925075,0.19637409,1,0,0,0.1204959,0.17830294,0.4474644995940989,0.41240760109527225,0.42993605034468557,0.206531989068006,SIZE_A,Consulting & Strategy,Full Time,"Bayswater North, Victoria",1
68,76334174,75000.0,75000.0,734.0344237798328,0.21430013,0.23994422,0.0,0.31221995,0.16082577,0.10233685,0.028514609,0.030624669,0,0,1,0.06620155,0.17473355,0.4474644995940989,0.41240760109527225,0.42993605034468557,0.20540297406536778,SIZE_A,Accounting,Full Time,,0
69,76347228,75000.0,75000.0,600.2790427597558,0.2785343,0.42059952,0.0,0.19730377,0.4645789,0.22391461,0.18539628,0.007518729,0,0,1,0.14969118,0.16457778,0.4474644995940989,0.41240760109527225,0.42993605034468557,0.16741675417457616,SIZE_D,Pharmaceutical Manufacturing,Full Time,Perth,1
70,76374678,75000.0,75000.0,12.740655218615789,0.20941393,0.22620207,0.0,0.16630754,0.3159186,0.19747655,0.08961348,0.14028502,0,0,1,0.113197505,0.21278152,0.4474644995940989,0.41240760109527225,0.42993605034468557,0.0005572064449123202,SIZE_C,Motor Vehicle Manufacturing,Full Time,"Lansvale, NSW",1
71,76398387,75000.0,75000.0,695.4890129475283,0.34543562,0.6087561,0.0,0.3353959,0.29811063,0.26094535,0.15685266,0.16700175,0,0,1,0.18195492,0.24179286,0.4474644995940989,0.41240760109527225,0.42993605034468557,0.19445616623984158,SIZE_D,Printing Services,Full Time,"Scoresby, Victoria",1
72,76399007,105000.0,125000.0,746.7563002561252,0.3239086,0.54821247,0.0,0.4522317,0.28909487,0.21138887,0.15751594,0.11984168,0,0,1,0.14086515,0.25660065,0.7024808843968225,0.8041358670317574,0.75330837571429,0.2090159576594962,SIZE_A,,Full Time,,0
73,76405090,75000.0,75000.0,688.895356439939,0.24567185,0.3281756,0.0,0.18304594,0.11420186,0.2041196,0.16170868,0.11935596,0,0,1,0.21373159,0.18192346,0.4474644995940989,0.41240760109527225,0.42993605034468557,0.1925835829906933,SIZE_B,Advertising Services,Casual/Vacation,"Prahran, Victoria",1
74,76414730,75000.0,75000.0,20.02448465509922,0.25824928,0.363549,0.0,0.4128788,0.19356854,0.25258318,0.19848697,0.30226362,0,0,1,0.03063002,0.22197714,0.4474644995940989,0.41240760109527225,0.42993605034468557,0.0026257972149520657,SIZE_B,Business Consulting and Services,Casual/Vacation,,0
75,76430388,75000.0,75000.0,703.1827677086562,0.21463576,0.24088818,0.0,0.40221995,0.25393936,0.19040605,0.064404294,0.07717712,0,0,1,0.30897272,0.40965486,0.4474644995940989,0.41240760109527225,0.42993605034468557,0.19664117485716337,SIZE_A,Hospitality & Tourism,Part Time,"Paris, Île-de-France",0
76,76432656,65000.0,80000.0,696.5850101390159,0.23171648,0.28892684,0.0,0.22243214,0.4230622,0.20141561,0.21135992,0.10885964,0,0,1,0.16120717,0.11936684,0.36245903799319107,0.45158042768892076,0.4070197328410559,0.194767426915846,SIZE_C,"Appliances, Electrical, and Electronics Manufacturing",Full Time,"Helensvale, QLD",1
77,76437635,75000.0,75000.0,34.30367567363439,0.19544318,0.18691003,0.0,0.39820352,0.3885138,0.112971604,0.057684273,0.051970273,0,0,1,0.0721132,0.1061704,0.4474644995940989,0.41240760109527225,0.42993605034468557,0.006681054549318873,SIZE_D,"Transportation, Logistics, Supply Chain and Storage",Full Time,"Gregory Hills, New South Wales",1
78,76448131,75000.0,75000.0,12.097636274743492,0.32051086,0.53865653,0.0,0.5254004,0.09162615,0.18764421,0.12683505,0.090123534,0,0,1,0.026014,0.17173997,0.4474644995940989,0.41240760109527225,0.42993605034468557,0.0003745905470725815,SIZE_A,Sales,Full Time,"St. Paul, MN",0
79,76468993,75000.0,75000.0,714.6644041843072,0.28035605,0.42572314,0.0,0.78233504,0.21749742,0.15238078,0.058739774,0.05613541,0,0,1,0.1337036,0.14771664,0.4474644995940989,0.41240760109527225,0.42993605034468557,0.19990193314998111,SIZE_C,Engineering & Project Management Services,Full Time,"Brisbane, QLD",1
80,76473666,75000.0,75000.0,32.58444785342097,0.26404417,0.3798468,0.0,0.2670704,0.21918409,0.075538754,0.05724313,0.048466668,0,0,1,0.048667844,0.1667755,0.4474644995940989,0.41240760109527225,0.42993605034468557,0.006192797811362359,SIZE_A,Financial Services,Full Time,"Brisbane, QLD",1
81,76473833,75000.0,75000.0,3268.399686066817,0.2655247,0.38401067,0.0,0.31638336,0.26702896,0.23408097,0.10196684,0.09140445,0,0,1,0.2196901,0.22840282,0.4474644995940989,0.41240760109527225,0.42993605034468557,0.9251568666012259,SIZE_A,,Full Time,,0
82,76475675,75000.0,75000.0,20.054713268986767,0.198348,0.19507968,0.0,0.28109568,0.18673608,0.34102374,0.13817102,0.1113775,1,0,0,0.13533074,0.16338176,0.4474644995940989,0.41240760109527225,0.42993605034468557,0.0026343820716162912,SIZE_A,Healthcare & Medical,Full Time,"Kalamazoo, MI",0
83,76477930,75000.0,75000.0,3282.1069662661976,0.25358987,0.3504446,0.0,0.34530497,0.009967669,0.057003602,0.024213545,0.08843359,0,0,1,0.08872461,0.16241845,0.4474644995940989,0.41240760109527225,0.42993605034468557,0.9290497025812617,SIZE_A,Insurance,Full Time,"West Perth, Western Australia",1
84,76480181,75000.0,75000.0,762.8973764563981,0.25757802,0.36166108,0.0,0.2835858,0.073485784,0.17914534,-0.07057818,0.0038328776,0,0,1,0.13732255,0.21691293,0.4474644995940989,0.41240760109527225,0.42993605034468557,0.2135999860936536,SIZE_A,Insurance & Superannuation,Full Time,Australia & New Zealand,1
85,76494766,75000.0,75000.0,20.054713268986767,0.27045202,0.39786857,0.0,0.49523827,0.17056301,0.22141802,0.25224888,0.13551018,0,1,0,0.16314945,0.22846092,0.4474644995940989,0.41240760109527225,0.42993605034468557,0.0026343820716162912,SIZE_A,Business Consulting and Services,Full Time,Bonn,1
86,76495468,75000.0,75000.0,3152.8682469726064,0.27189106,0.4019158,0.0,0.46578735,0.087981515,0.23375286,0.029296454,0.1490825,0,0,1,0.03708496,0.17433566,0.4474644995940989,0.41240760109527225,0.42993605034468557,0.892346204209456,SIZE_B,Hospitals and Health Care,Full Time,"Brisbane, Queensland",1
87,76497267,140000.0,140000.0,55.80175752356181,0.3254931,0.5526688,0.0,0.37850985,0.272025,0.15759417,0.18028471,0.08854357,0,0,1,0.15079725,0.117440656,1.0,0.921654346812703,0.9608271734063515,0.012786460239569211,SIZE_A,Advertising Services,Full Time,"Long Jetty, New South Wales",1
88,76499389,75000.0,75000.0,3262.26298744964,0.28234515,0.4313174,0.0,0.28770718,0.4662407,0.17548928,0.23990652,0.10538548,0,0,1,0.1475983,0.25817698,0.4474644995940989,0.41240760109527225,0.42993605034468557,0.9234140583396232,SIZE_A,Food and Beverage Services,Full Time,Australind,1
89,76509546,75000.0,75000.0,3531.933984906492,0.35020766,0.62217724,0.0,0.5027127,0.08516595,0.23671441,0.14107116,0.10691212,0,0,1,0.11042303,0.13161287,0.4474644995940989,0.41240760109527225,0.42993605034468557,1.0,SIZE_A,Real Estate,Full Time,"Sydney, NSW",1
90,76509968,75000.0,75000.0,705.7029681538673,0.2418434,0.31740826,0.0,0.2971567,0.1822388,0.13048428,0.13264462,0.054299064,0,0,1,0.14200331,0.19880515,0.4474644995940989,0.41240760109527225,0.42993605034468557,0.19735690597430094,,,Contract/Temp,,0
91,76512462,70000.0,100000.0,723.9917115697998,0.28023398,0.4253798,0.0,0.411403,0.27268875,0.15188804,0.13955337,0.08481053,0,0,1,0.10563184,0.2606715,0.404961768793645,0.6082717340635149,0.50661675142858,0.2025508669471279,SIZE_A,,Full Time,,0
92,76530004,75000.0,85000.0,1162.0144115137464,0.30255094,0.48814517,0.0,0.11795502,0.1891776,0.16949782,0.2727597,0.1053458,0,0,1,0.18963099,0.17946756,0.4474644995940989,0.4907532542825693,0.4691088769383341,0.3269483040471088,SIZE_B,Staffing and Recruiting,Full Time,"Adelaide, SA",1
93,76535600,75000.0,75000.0,705.7029681538673,0.22628915,0.27366275,0.0,0.23253083,0.16949937,0.26729804,0.13132116,0.14822619,0,0,1,0.108227775,0.17485857,0.4474644995940989,0.41240760109527225,0.42993605034468557,0.19735690597430094,SIZE_D,Retail,Casual/Vacation,"South Melbourne, VIC",1
94,76538182,75000.0,75000.0,20.054713268986767,0.2640711,0.37992257,0.0,0.48143828,0.24478358,0.16968931,0.18869016,0.08951307,0,0,1,0.109548315,0.17106767,0.4474644995940989,0.41240760109527225,0.42993605034468557,0.0026343820716162912,SIZE_A,Construction,Full Time,"Sydney Olympic Park, New South Wales",1
95,76550754,32500.0,35000.0,714.6644041843072,0.2570289,0.36011672,0.0,0.28941128,0.28599894,0.17530309,0.20861201,0.14568909,0,0,1,0.12310806,0.20565546,0.08619128779024052,0.09902498834608409,0.0926081380681623,0.19990193314998111,SIZE_A,Accounting,Part Time,"Sydney, New South Wales",1
96,76550767,60000.0,65000.0,714.6644041843072,0.27805844,0.41926122,0.0,0.25007296,0.20732746,0.24072433,0.24936765,0.20257008,0,1,0,0.14475691,0.245307,0.31995630719273715,0.3340619479079752,0.32700912755035616,0.19990193314998111,SIZE_A,Accounting,Full Time,"Sydney, New South Wales",1
97,76551256,75000.0,75000.0,724.6375308160978,0.27760553,0.41798747,0.0,0.015898366,0.11043033,0.14259896,0.06594637,0.086184464,0,0,1,0.10803241,0.1651699,0.4474644995940989,0.41240760109527225,0.42993605034468557,0.20273427812440156,,,Full Time,,0
98,76561765,75000.0,75000.0,746.7563002561252,0.31627846,0.52675307,0.0,0.20712769,0.1785626,0.19661057,0.10741076,0.088703334,0,0,1,0.16579342,0.24252596,0.4474644995940989,0.41240760109527225,0.42993605034468557,0.2090159576594962,SIZE_D,Construction,Full Time,"Winston Hills, NSW",1
99,76563900,70000.0,90000.0,738.9947787442477,0.2726342,0.4040059,0.0,0.4180441,0.26007253,0.2029736,0.05418544,0.06468503,0,0,1,0.12695065,0.2834602,0.404961768793645,0.5299260808762177,0.46744392483493136,0.20681170344117034,SIZE_C,Construction,Full Time,"Murarrie, Queensland",1
